{
    "ab": {
        "Another": 17,
        "Armenians": 0,
        "Bulgarians": 5,
        "Chinese": 7,
        "Croats": 3,
        "Csango": 7,
        "Czechs": 3,
        "Germans": 711,
        "Greeks": 6,
        "Hungarians": 14831,
        "Italians": 56,
        "Jews": 19,
        "Macedonians": 0,
        "Poles": 5,
        "Romanian": 291850,
        "Romany": 14287,
        "Russians_Lippovans": 9,
        "Serbs": 0,
        "Slovaks": 7,
        "Tatars": 0,
        "Turks": 16,
        "Ukrainians": 10
    },
    "ag": {
        "Another": 129,
        "Armenians": 33,
        "Bulgarians": 0,
        "Chinese": 6,
        "Croats": 0,
        "Csango": 6,
        "Czechs": 0,
        "Germans": 47,
        "Greeks": 37,
        "Hungarians": 209,
        "Italians": 59,
        "Jews": 13,
        "Macedonians": 5,
        "Poles": 3,
        "Romanian": 571149,
        "Romany": 16472,
        "Russians_Lippovans": 51,
        "Serbs": 16,
        "Slovaks": 0,
        "Tatars": 0,
        "Turks": 66,
        "Ukrainians": 10
    },
    "ar": {
        "Another": 322,
        "Armenians": 6,
        "Bulgarians": 535,
        "Chinese": 21,
        "Croats": 7,
        "Csango": 14,
        "Czechs": 110,
        "Germans": 2892,
        "Greeks": 7,
        "Hungarians": 36549,
        "Italians": 255,
        "Jews": 110,
        "Macedonians": 0,
        "Poles": 28,
        "Romanian": 340670,
        "Romany": 16467,
        "Russians_Lippovans": 18,
        "Serbs": 823,
        "Slovaks": 4436,
        "Tatars": 0,
        "Turks": 28,
        "Ukrainians": 1235
    },
    "b": {
        "Another": 6879,
        "Armenians": 565,
        "Bulgarians": 296,
        "Chinese": 1032,
        "Croats": 8,
        "Csango": 46,
        "Czechs": 40,
        "Germans": 1209,
        "Greeks": 704,
        "Hungarians": 3359,
        "Italians": 430,
        "Jews": 1333,
        "Macedonians": 278,
        "Poles": 160,
        "Romanian": 1618883,
        "Romany": 23973,
        "Russians_Lippovans": 913,
        "Serbs": 205,
        "Slovaks": 33,
        "Tatars": 417,
        "Turks": 2315,
        "Ukrainians": 279
    },
    "bc": {
        "Another": 271,
        "Armenians": 29,
        "Bulgarians": 0,
        "Chinese": 0,
        "Croats": 0,
        "Csango": 814,
        "Czechs": 0,
        "Germans": 88,
        "Greeks": 28,
        "Hungarians": 4178,
        "Italians": 73,
        "Jews": 40,
        "Macedonians": 0,
        "Poles": 10,
        "Romanian": 558507,
        "Romany": 15272,
        "Russians_Lippovans": 28,
        "Serbs": 3,
        "Slovaks": 0,
        "Tatars": 5,
        "Turks": 42,
        "Ukrainians": 21
    },
    "bh": {
        "Another": 367,
        "Armenians": 6,
        "Bulgarians": 23,
        "Chinese": 14,
        "Croats": 0,
        "Csango": 4,
        "Czechs": 0,
        "Germans": 689,
        "Greeks": 40,
        "Hungarians": 138202,
        "Italians": 119,
        "Jews": 165,
        "Macedonians": 0,
        "Poles": 18,
        "Romanian": 366245,
        "Romany": 34636,
        "Russians_Lippovans": 22,
        "Serbs": 20,
        "Slovaks": 6060,
        "Tatars": 0,
        "Turks": 41,
        "Ukrainians": 70
    },
    "bn": {
        "Another": 37,
        "Armenians": 0,
        "Bulgarians": 0,
        "Chinese": 4,
        "Croats": 0,
        "Csango": 0,
        "Czechs": 0,
        "Germans": 410,
        "Greeks": 3,
        "Hungarians": 14336,
        "Italians": 22,
        "Jews": 7,
        "Macedonians": 0,
        "Poles": 4,
        "Romanian": 247627,
        "Romany": 11935,
        "Russians_Lippovans": 15,
        "Serbs": 0,
        "Slovaks": 0,
        "Tatars": 0,
        "Turks": 12,
        "Ukrainians": 39
    },
    "br": {
        "Another": 57,
        "Armenians": 10,
        "Bulgarians": 12,
        "Chinese": 0,
        "Croats": 0,
        "Csango": 4,
        "Czechs": 0,
        "Germans": 28,
        "Greeks": 177,
        "Hungarians": 52,
        "Italians": 34,
        "Jews": 25,
        "Macedonians": 35,
        "Poles": 0,
        "Romanian": 291899,
        "Romany": 8555,
        "Russians_Lippovans": 1935,
        "Serbs": 0,
        "Slovaks": 0,
        "Tatars": 7,
        "Turks": 181,
        "Ukrainians": 28
    },
    "bt": {
        "Another": 46,
        "Armenians": 21,
        "Bulgarians": 0,
        "Chinese": 0,
        "Croats": 0,
        "Csango": 0,
        "Czechs": 0,
        "Germans": 25,
        "Greeks": 12,
        "Hungarians": 17,
        "Italians": 11,
        "Jews": 54,
        "Macedonians": 0,
        "Poles": 0,
        "Romanian": 388195,
        "Romany": 4150,
        "Russians_Lippovans": 404,
        "Serbs": 0,
        "Slovaks": 0,
        "Tatars": 0,
        "Turks": 15,
        "Ukrainians": 652
    },
    "bv": {
        "Another": 351,
        "Armenians": 7,
        "Bulgarians": 17,
        "Chinese": 14,
        "Croats": 0,
        "Csango": 35,
        "Czechs": 4,
        "Germans": 2910,
        "Greeks": 69,
        "Hungarians": 39650,
        "Italians": 104,
        "Jews": 70,
        "Macedonians": 9,
        "Poles": 11,
        "Romanian": 453325,
        "Romany": 18519,
        "Russians_Lippovans": 80,
        "Serbs": 14,
        "Slovaks": 5,
        "Tatars": 9,
        "Turks": 74,
        "Ukrainians": 49
    },
    "bz": {
        "Another": 44,
        "Armenians": 0,
        "Bulgarians": 0,
        "Chinese": 32,
        "Croats": 0,
        "Csango": 0,
        "Czechs": 0,
        "Germans": 17,
        "Greeks": 0,
        "Hungarians": 57,
        "Italians": 25,
        "Jews": 0,
        "Macedonians": 3,
        "Poles": 0,
        "Romanian": 409316,
        "Romany": 20374,
        "Russians_Lippovans": 10,
        "Serbs": 0,
        "Slovaks": 0,
        "Tatars": 0,
        "Turks": 44,
        "Ukrainians": 4
    },
    "cj": {
        "Another": 1693,
        "Armenians": 63,
        "Bulgarians": 16,
        "Chinese": 11,
        "Croats": 0,
        "Csango": 13,
        "Czechs": 7,
        "Germans": 661,
        "Greeks": 74,
        "Hungarians": 103585,
        "Italians": 134,
        "Jews": 180,
        "Macedonians": 4,
        "Poles": 22,
        "Romanian": 520885,
        "Romany": 22525,
        "Russians_Lippovans": 51,
        "Serbs": 20,
        "Slovaks": 47,
        "Tatars": 9,
        "Turks": 81,
        "Ukrainians": 157
    },
    "cl": {
        "Another": 48,
        "Armenians": 17,
        "Bulgarians": 7,
        "Chinese": 4,
        "Croats": 0,
        "Csango": 0,
        "Czechs": 0,
        "Germans": 9,
        "Greeks": 4,
        "Hungarians": 53,
        "Italians": 9,
        "Jews": 3,
        "Macedonians": 26,
        "Poles": 0,
        "Romanian": 259310,
        "Romany": 22936,
        "Russians_Lippovans": 14,
        "Serbs": 0,
        "Slovaks": 0,
        "Tatars": 3,
        "Turks": 502,
        "Ukrainians": 3
    },
    "cs": {
        "Another": 274,
        "Armenians": 0,
        "Bulgarians": 17,
        "Chinese": 3,
        "Croats": 5081,
        "Csango": 4,
        "Czechs": 1546,
        "Germans": 2869,
        "Greeks": 6,
        "Hungarians": 2906,
        "Italians": 25,
        "Jews": 23,
        "Macedonians": 0,
        "Poles": 4,
        "Romanian": 243933,
        "Romany": 7272,
        "Russians_Lippovans": 18,
        "Serbs": 5007,
        "Slovaks": 182,
        "Tatars": 0,
        "Turks": 14,
        "Ukrainians": 2453
    },
    "ct": {
        "Another": 630,
        "Armenians": 254,
        "Bulgarians": 21,
        "Chinese": 8,
        "Croats": 4,
        "Csango": 31,
        "Czechs": 0,
        "Germans": 134,
        "Greeks": 250,
        "Hungarians": 422,
        "Italians": 48,
        "Jews": 31,
        "Macedonians": 494,
        "Poles": 20,
        "Romanian": 570754,
        "Romany": 8552,
        "Russians_Lippovans": 3546,
        "Serbs": 13,
        "Slovaks": 4,
        "Tatars": 19593,
        "Turks": 20813,
        "Ukrainians": 73
    },
    "cv": {
        "Another": 13,
        "Armenians": 3,
        "Bulgarians": 3,
        "Chinese": 0,
        "Croats": 0,
        "Csango": 77,
        "Czechs": 0,
        "Germans": 97,
        "Greeks": 0,
        "Hungarians": 150468,
        "Italians": 9,
        "Jews": 11,
        "Macedonians": 0,
        "Poles": 4,
        "Romanian": 45021,
        "Romany": 8264,
        "Russians_Lippovans": 5,
        "Serbs": 0,
        "Slovaks": 0,
        "Tatars": 0,
        "Turks": 5,
        "Ukrainians": 12
    },
    "db": {
        "Another": 118,
        "Armenians": 0,
        "Bulgarians": 1581,
        "Chinese": 0,
        "Croats": 0,
        "Csango": 5,
        "Czechs": 0,
        "Germans": 27,
        "Greeks": 30,
        "Hungarians": 127,
        "Italians": 37,
        "Jews": 0,
        "Macedonians": 0,
        "Poles": 0,
        "Romanian": 470136,
        "Romany": 27346,
        "Russians_Lippovans": 11,
        "Serbs": 457,
        "Slovaks": 0,
        "Tatars": 0,
        "Turks": 45,
        "Ukrainians": 12
    },
    "dj": {
        "Another": 235,
        "Armenians": 0,
        "Bulgarians": 62,
        "Chinese": 0,
        "Croats": 0,
        "Csango": 13,
        "Czechs": 0,
        "Germans": 56,
        "Greeks": 87,
        "Hungarians": 175,
        "Italians": 47,
        "Jews": 60,
        "Macedonians": 133,
        "Poles": 4,
        "Romanian": 594841,
        "Romany": 29832,
        "Russians_Lippovans": 7,
        "Serbs": 91,
        "Slovaks": 3,
        "Tatars": 0,
        "Turks": 38,
        "Ukrainians": 13
    },
    "gj": {
        "Another": 37,
        "Armenians": 0,
        "Bulgarians": 0,
        "Chinese": 3,
        "Croats": 0,
        "Csango": 0,
        "Czechs": 9,
        "Germans": 17,
        "Greeks": 4,
        "Hungarians": 108,
        "Italians": 22,
        "Jews": 0,
        "Macedonians": 0,
        "Poles": 0,
        "Romanian": 321686,
        "Romany": 6690,
        "Russians_Lippovans": 4,
        "Serbs": 12,
        "Slovaks": 3,
        "Tatars": 0,
        "Turks": 6,
        "Ukrainians": 18
    },
    "gl": {
        "Another": 449,
        "Armenians": 29,
        "Bulgarians": 5,
        "Chinese": 4,
        "Croats": 0,
        "Csango": 0,
        "Czechs": 0,
        "Germans": 55,
        "Greeks": 152,
        "Hungarians": 121,
        "Italians": 49,
        "Jews": 56,
        "Macedonians": 6,
        "Poles": 3,
        "Romanian": 482932,
        "Romany": 16985,
        "Russians_Lippovans": 175,
        "Serbs": 7,
        "Slovaks": 0,
        "Tatars": 3,
        "Turks": 75,
        "Ukrainians": 43
    },
    "gr": {
        "Another": 44,
        "Armenians": 3,
        "Bulgarians": 4,
        "Chinese": 8,
        "Croats": 0,
        "Csango": 0,
        "Czechs": 0,
        "Germans": 9,
        "Greeks": 3,
        "Hungarians": 37,
        "Italians": 3,
        "Jews": 0,
        "Macedonians": 0,
        "Poles": 0,
        "Romanian": 248355,
        "Romany": 15218,
        "Russians_Lippovans": 6,
        "Serbs": 0,
        "Slovaks": 0,
        "Tatars": 0,
        "Turks": 44,
        "Ukrainians": 0
    },
    "hd": {
        "Another": 250,
        "Armenians": 0,
        "Bulgarians": 12,
        "Chinese": 59,
        "Croats": 0,
        "Csango": 13,
        "Czechs": 15,
        "Germans": 955,
        "Greeks": 40,
        "Hungarians": 15887,
        "Italians": 101,
        "Jews": 42,
        "Macedonians": 4,
        "Poles": 49,
        "Romanian": 368073,
        "Romany": 7472,
        "Russians_Lippovans": 15,
        "Serbs": 27,
        "Slovaks": 55,
        "Tatars": 0,
        "Turks": 26,
        "Ukrainians": 97
    },
    "hr": {
        "Another": 23,
        "Armenians": 3,
        "Bulgarians": 0,
        "Chinese": 0,
        "Croats": 0,
        "Csango": 22,
        "Czechs": 0,
        "Germans": 54,
        "Greeks": 0,
        "Hungarians": 257707,
        "Italians": 0,
        "Jews": 0,
        "Macedonians": 0,
        "Poles": 0,
        "Romanian": 39190,
        "Romany": 5322,
        "Russians_Lippovans": 0,
        "Serbs": 3,
        "Slovaks": 0,
        "Tatars": 0,
        "Turks": 4,
        "Ukrainians": 8
    },
    "if": {
        "Another": 1010,
        "Armenians": 53,
        "Bulgarians": 37,
        "Chinese": 671,
        "Croats": 0,
        "Csango": 21,
        "Czechs": 0,
        "Germans": 92,
        "Greeks": 105,
        "Hungarians": 233,
        "Italians": 86,
        "Jews": 109,
        "Macedonians": 59,
        "Poles": 13,
        "Romanian": 341895,
        "Romany": 15634,
        "Russians_Lippovans": 74,
        "Serbs": 3,
        "Slovaks": 0,
        "Tatars": 20,
        "Turks": 523,
        "Ukrainians": 28
    },
    "il": {
        "Another": 23,
        "Armenians": 10,
        "Bulgarians": 0,
        "Chinese": 0,
        "Croats": 0,
        "Csango": 0,
        "Czechs": 0,
        "Germans": 3,
        "Greeks": 6,
        "Hungarians": 17,
        "Italians": 14,
        "Jews": 0,
        "Macedonians": 27,
        "Poles": 3,
        "Romanian": 241765,
        "Romany": 14269,
        "Russians_Lippovans": 356,
        "Serbs": 5,
        "Slovaks": 0,
        "Tatars": 0,
        "Turks": 57,
        "Ukrainians": 15
    },
    "is": {
        "Another": 1264,
        "Armenians": 12,
        "Bulgarians": 5,
        "Chinese": 9,
        "Croats": 0,
        "Csango": 3,
        "Czechs": 0,
        "Germans": 83,
        "Greeks": 189,
        "Hungarians": 118,
        "Italians": 79,
        "Jews": 215,
        "Macedonians": 7,
        "Poles": 17,
        "Romanian": 703422,
        "Romany": 11276,
        "Russians_Lippovans": 2838,
        "Serbs": 4,
        "Slovaks": 0,
        "Tatars": 7,
        "Turks": 67,
        "Ukrainians": 51
    },
    "mh": {
        "Another": 23,
        "Armenians": 0,
        "Bulgarians": 4,
        "Chinese": 16,
        "Croats": 0,
        "Csango": 3,
        "Czechs": 463,
        "Germans": 144,
        "Greeks": 20,
        "Hungarians": 144,
        "Italians": 8,
        "Jews": 9,
        "Macedonians": 0,
        "Poles": 0,
        "Romanian": 236908,
        "Romany": 10917,
        "Russians_Lippovans": 6,
        "Serbs": 983,
        "Slovaks": 0,
        "Tatars": 0,
        "Turks": 39,
        "Ukrainians": 6
    },
    "mm": {
        "Another": 164,
        "Armenians": 4,
        "Bulgarians": 3,
        "Chinese": 0,
        "Croats": 0,
        "Csango": 6,
        "Czechs": 0,
        "Germans": 1038,
        "Greeks": 4,
        "Hungarians": 32607,
        "Italians": 41,
        "Jews": 43,
        "Macedonians": 0,
        "Poles": 7,
        "Romanian": 374488,
        "Romany": 12196,
        "Russians_Lippovans": 12,
        "Serbs": 3,
        "Slovaks": 7,
        "Tatars": 0,
        "Turks": 19,
        "Ukrainians": 30766
    },
    "ms": {
        "Another": 234,
        "Armenians": 14,
        "Bulgarians": 12,
        "Chinese": 3,
        "Croats": 0,
        "Csango": 8,
        "Czechs": 4,
        "Germans": 1444,
        "Greeks": 4,
        "Hungarians": 200856,
        "Italians": 45,
        "Jews": 73,
        "Macedonians": 0,
        "Poles": 9,
        "Romanian": 277372,
        "Romany": 46947,
        "Russians_Lippovans": 38,
        "Serbs": 3,
        "Slovaks": 5,
        "Tatars": 3,
        "Turks": 48,
        "Ukrainians": 23
    },
    "nt": {
        "Another": 54,
        "Armenians": 7,
        "Bulgarians": 0,
        "Chinese": 0,
        "Croats": 0,
        "Csango": 4,
        "Czechs": 0,
        "Germans": 63,
        "Greeks": 23,
        "Hungarians": 73,
        "Italians": 50,
        "Jews": 34,
        "Macedonians": 0,
        "Poles": 0,
        "Romanian": 439834,
        "Romany": 6387,
        "Russians_Lippovans": 197,
        "Serbs": 0,
        "Slovaks": 4,
        "Tatars": 0,
        "Turks": 35,
        "Ukrainians": 16
    },
    "ot": {
        "Another": 41,
        "Armenians": 0,
        "Bulgarians": 0,
        "Chinese": 0,
        "Croats": 0,
        "Csango": 0,
        "Czechs": 0,
        "Germans": 8,
        "Greeks": 0,
        "Hungarians": 51,
        "Italians": 12,
        "Jews": 0,
        "Macedonians": 3,
        "Poles": 3,
        "Romanian": 400089,
        "Romany": 9499,
        "Russians_Lippovans": 0,
        "Serbs": 0,
        "Slovaks": 0,
        "Tatars": 0,
        "Turks": 25,
        "Ukrainians": 0
    },
    "ph": {
        "Another": 132,
        "Armenians": 9,
        "Bulgarians": 11,
        "Chinese": 0,
        "Croats": 3,
        "Csango": 34,
        "Czechs": 0,
        "Germans": 130,
        "Greeks": 63,
        "Hungarians": 414,
        "Italians": 50,
        "Jews": 28,
        "Macedonians": 0,
        "Poles": 7,
        "Romanian": 712886,
        "Romany": 17757,
        "Russians_Lippovans": 39,
        "Serbs": 13,
        "Slovaks": 0,
        "Tatars": 4,
        "Turks": 132,
        "Ukrainians": 6
    },
    "sb": {
        "Another": 343,
        "Armenians": 15,
        "Bulgarians": 0,
        "Chinese": 3,
        "Croats": 0,
        "Csango": 5,
        "Czechs": 0,
        "Germans": 4239,
        "Greeks": 26,
        "Hungarians": 10882,
        "Italians": 54,
        "Jews": 27,
        "Macedonians": 0,
        "Poles": 26,
        "Romanian": 338505,
        "Romany": 17946,
        "Russians_Lippovans": 57,
        "Serbs": 13,
        "Slovaks": 3,
        "Tatars": 3,
        "Turks": 19,
        "Ukrainians": 21
    },
    "sj": {
        "Another": 41,
        "Armenians": 0,
        "Bulgarians": 0,
        "Chinese": 0,
        "Croats": 0,
        "Csango": 11,
        "Czechs": 0,
        "Germans": 46,
        "Greeks": 0,
        "Hungarians": 50166,
        "Italians": 30,
        "Jews": 0,
        "Macedonians": 0,
        "Poles": 0,
        "Romanian": 148396,
        "Romany": 15003,
        "Russians_Lippovans": 5,
        "Serbs": 0,
        "Slovaks": 1107,
        "Tatars": 0,
        "Turks": 0,
        "Ukrainians": 22
    },
    "sm": {
        "Another": 72,
        "Armenians": 0,
        "Bulgarians": 0,
        "Chinese": 8,
        "Croats": 0,
        "Csango": 29,
        "Czechs": 20,
        "Germans": 4983,
        "Greeks": 0,
        "Hungarians": 112580,
        "Italians": 26,
        "Jews": 31,
        "Macedonians": 0,
        "Poles": 4,
        "Romanian": 188155,
        "Romany": 17386,
        "Russians_Lippovans": 4,
        "Serbs": 8,
        "Slovaks": 117,
        "Tatars": 0,
        "Turks": 9,
        "Ukrainians": 1322
    },
    "sv": {
        "Another": 344,
        "Armenians": 22,
        "Bulgarians": 0,
        "Chinese": 3,
        "Croats": 0,
        "Csango": 0,
        "Czechs": 0,
        "Germans": 699,
        "Greeks": 19,
        "Hungarians": 160,
        "Italians": 30,
        "Jews": 63,
        "Macedonians": 0,
        "Poles": 1908,
        "Romanian": 588358,
        "Romany": 12171,
        "Russians_Lippovans": 1713,
        "Serbs": 13,
        "Slovaks": 0,
        "Tatars": 0,
        "Turks": 27,
        "Ukrainians": 5882
    },
    "tl": {
        "Another": 121,
        "Armenians": 55,
        "Bulgarians": 15,
        "Chinese": 0,
        "Croats": 0,
        "Csango": 15,
        "Czechs": 0,
        "Germans": 18,
        "Greeks": 1176,
        "Hungarians": 56,
        "Italians": 51,
        "Jews": 6,
        "Macedonians": 53,
        "Poles": 4,
        "Romanian": 180496,
        "Romany": 3418,
        "Russians_Lippovans": 10330,
        "Serbs": 3,
        "Slovaks": 4,
        "Tatars": 117,
        "Turks": 1662,
        "Ukrainians": 1068
    },
    "tm": {
        "Another": 1371,
        "Armenians": 26,
        "Bulgarians": 4442,
        "Chinese": 23,
        "Croats": 224,
        "Csango": 141,
        "Czechs": 170,
        "Germans": 8485,
        "Greeks": 66,
        "Hungarians": 35291,
        "Italians": 300,
        "Jews": 210,
        "Macedonians": 40,
        "Poles": 58,
        "Romanian": 550836,
        "Romany": 14520,
        "Russians_Lippovans": 87,
        "Serbs": 10072,
        "Slovaks": 1389,
        "Tatars": 14,
        "Turks": 109,
        "Ukrainians": 5935
    },
    "tr": {
        "Another": 24,
        "Armenians": 0,
        "Bulgarians": 3,
        "Chinese": 0,
        "Croats": 0,
        "Csango": 5,
        "Czechs": 0,
        "Germans": 0,
        "Greeks": 0,
        "Hungarians": 3,
        "Italians": 0,
        "Jews": 0,
        "Macedonians": 0,
        "Poles": 0,
        "Romanian": 345949,
        "Romany": 8196,
        "Russians_Lippovans": 0,
        "Serbs": 0,
        "Slovaks": 0,
        "Tatars": 0,
        "Turks": 18,
        "Ukrainians": 0
    },
    "vl": {
        "Another": 41,
        "Armenians": 3,
        "Bulgarians": 3,
        "Chinese": 0,
        "Croats": 0,
        "Csango": 0,
        "Czechs": 0,
        "Germans": 46,
        "Greeks": 7,
        "Hungarians": 176,
        "Italians": 18,
        "Jews": 5,
        "Macedonians": 0,
        "Poles": 0,
        "Romanian": 347806,
        "Romany": 6934,
        "Russians_Lippovans": 4,
        "Serbs": 4,
        "Slovaks": 0,
        "Tatars": 0,
        "Turks": 35,
        "Ukrainians": 4
    },
    "vn": {
        "Another": 99,
        "Armenians": 8,
        "Bulgarians": 0,
        "Chinese": 0,
        "Croats": 0,
        "Csango": 0,
        "Czechs": 0,
        "Germans": 4,
        "Greeks": 3,
        "Hungarians": 46,
        "Italians": 12,
        "Jews": 7,
        "Macedonians": 0,
        "Poles": 0,
        "Romanian": 308390,
        "Romany": 11961,
        "Russians_Lippovans": 3,
        "Serbs": 0,
        "Slovaks": 0,
        "Tatars": 0,
        "Turks": 23,
        "Ukrainians": 4
    },
    "vs": {
        "Another": 30,
        "Armenians": 0,
        "Bulgarians": 0,
        "Chinese": 4,
        "Croats": 0,
        "Csango": 0,
        "Czechs": 0,
        "Germans": 7,
        "Greeks": 19,
        "Hungarians": 35,
        "Italians": 7,
        "Jews": 12,
        "Macedonians": 0,
        "Poles": 0,
        "Romanian": 364530,
        "Romany": 5900,
        "Russians_Lippovans": 76,
        "Serbs": 0,
        "Slovaks": 0,
        "Tatars": 0,
        "Turks": 9,
        "Ukrainians": 0
    }
}