{
    "1": {
        "Another": 3355,
        "Armenians": 115,
        "Bulgarians": 79,
        "Chinese": 64,
        "Croats": 3,
        "Csango": 217,
        "Czechs": 38,
        "Germans": 17282,
        "Greeks": 226,
        "Hungarians": 1125870,
        "Italians": 640,
        "Jews": 626,
        "Macedonians": 13,
        "Poles": 110,
        "Romanian": 3291059,
        "Romany": 224966,
        "Russians_Lippovans": 298,
        "Serbs": 84,
        "Slovaks": 7358,
        "Tatars": 24,
        "Turks": 328,
        "Ukrainians": 32499
    },
    "2": {
        "Another": 3409,
        "Armenians": 447,
        "Bulgarians": 58,
        "Chinese": 60,
        "Croats": 4,
        "Csango": 871,
        "Czechs": 0,
        "Germans": 1221,
        "Greeks": 2048,
        "Hungarians": 5335,
        "Italians": 469,
        "Jews": 543,
        "Macedonians": 598,
        "Poles": 1962,
        "Romanian": 5286633,
        "Romany": 125001,
        "Russians_Lippovans": 21255,
        "Serbs": 43,
        "Slovaks": 12,
        "Tatars": 19732,
        "Turks": 22993,
        "Ukrainians": 7842
    },
    "3": {
        "Another": 8407,
        "Armenians": 690,
        "Bulgarians": 1939,
        "Chinese": 1721,
        "Croats": 11,
        "Csango": 117,
        "Czechs": 40,
        "Germans": 1526,
        "Greeks": 952,
        "Hungarians": 4452,
        "Italians": 688,
        "Jews": 1486,
        "Macedonians": 395,
        "Poles": 186,
        "Romanian": 4810328,
        "Romany": 161801,
        "Russians_Lippovans": 1464,
        "Serbs": 699,
        "Slovaks": 33,
        "Tatars": 444,
        "Turks": 3702,
        "Ukrainians": 353
    },
    "4": {
        "Another": 2594,
        "Armenians": 35,
        "Bulgarians": 5075,
        "Chinese": 125,
        "Croats": 5312,
        "Csango": 188,
        "Czechs": 2313,
        "Germans": 15472,
        "Greeks": 237,
        "Hungarians": 91287,
        "Italians": 788,
        "Jews": 459,
        "Macedonians": 180,
        "Poles": 146,
        "Romanian": 3404842,
        "Romany": 109603,
        "Russians_Lippovans": 159,
        "Serbs": 17019,
        "Slovaks": 6068,
        "Tatars": 14,
        "Turks": 320,
        "Ukrainians": 9761
    }
}