{
    "Bucuresti-Ilfov": {
        "Another": 7889,
        "Armenians": 618,
        "Bulgarians": 333,
        "Chinese": 1703,
        "Croats": 8,
        "Csango": 67,
        "Czechs": 40,
        "Germans": 1301,
        "Greeks": 809,
        "Hungarians": 3592,
        "Italians": 516,
        "Jews": 1442,
        "Macedonians": 337,
        "Poles": 173,
        "Romanian": 1960778,
        "Romany": 39607,
        "Russians_Lippovans": 987,
        "Serbs": 208,
        "Slovaks": 33,
        "Tatars": 437,
        "Turks": 2838,
        "Ukrainians": 307
    },
    "Centru": {
        "Another": 981,
        "Armenians": 42,
        "Bulgarians": 37,
        "Chinese": 27,
        "Croats": 3,
        "Csango": 154,
        "Czechs": 11,
        "Germans": 9455,
        "Greeks": 105,
        "Hungarians": 674394,
        "Italians": 268,
        "Jews": 200,
        "Macedonians": 9,
        "Poles": 55,
        "Romanian": 1445263,
        "Romany": 111285,
        "Russians_Lippovans": 189,
        "Serbs": 33,
        "Slovaks": 20,
        "Tatars": 15,
        "Turks": 166,
        "Ukrainians": 123
    },
    "Nord-Est": {
        "Another": 2009,
        "Armenians": 91,
        "Bulgarians": 5,
        "Chinese": 16,
        "Croats": 0,
        "Csango": 821,
        "Czechs": 0,
        "Germans": 965,
        "Greeks": 290,
        "Hungarians": 4581,
        "Italians": 250,
        "Jews": 418,
        "Macedonians": 7,
        "Poles": 1935,
        "Romanian": 3042846,
        "Romany": 55156,
        "Russians_Lippovans": 5256,
        "Serbs": 20,
        "Slovaks": 4,
        "Tatars": 12,
        "Turks": 195,
        "Ukrainians": 6622
    },
    "Nord-Vest": {
        "Another": 2374,
        "Armenians": 73,
        "Bulgarians": 42,
        "Chinese": 37,
        "Croats": 0,
        "Csango": 63,
        "Czechs": 27,
        "Germans": 7827,
        "Greeks": 121,
        "Hungarians": 451476,
        "Italians": 372,
        "Jews": 426,
        "Macedonians": 4,
        "Poles": 55,
        "Romanian": 1845796,
        "Romany": 113681,
        "Russians_Lippovans": 109,
        "Serbs": 51,
        "Slovaks": 7338,
        "Tatars": 9,
        "Turks": 162,
        "Ukrainians": 32376
    },
    "Sud": {
        "Another": 518,
        "Armenians": 72,
        "Bulgarians": 1606,
        "Chinese": 18,
        "Croats": 3,
        "Csango": 50,
        "Czechs": 0,
        "Germans": 225,
        "Greeks": 143,
        "Hungarians": 860,
        "Italians": 172,
        "Jews": 44,
        "Macedonians": 58,
        "Poles": 13,
        "Romanian": 2849550,
        "Romany": 122194,
        "Russians_Lippovans": 477,
        "Serbs": 491,
        "Slovaks": 0,
        "Tatars": 7,
        "Turks": 864,
        "Ukrainians": 46
    },
    "Sud-Est": {
        "Another": 1400,
        "Armenians": 356,
        "Bulgarians": 53,
        "Chinese": 44,
        "Croats": 4,
        "Csango": 50,
        "Czechs": 0,
        "Germans": 256,
        "Greeks": 1758,
        "Hungarians": 754,
        "Italians": 219,
        "Jews": 125,
        "Macedonians": 591,
        "Poles": 27,
        "Romanian": 2243787,
        "Romany": 69845,
        "Russians_Lippovans": 15999,
        "Serbs": 23,
        "Slovaks": 8,
        "Tatars": 19720,
        "Turks": 22798,
        "Ukrainians": 1220
    },
    "Sud-Vest": {
        "Another": 377,
        "Armenians": 3,
        "Bulgarians": 69,
        "Chinese": 19,
        "Croats": 0,
        "Csango": 16,
        "Czechs": 472,
        "Germans": 271,
        "Greeks": 118,
        "Hungarians": 654,
        "Italians": 107,
        "Jews": 74,
        "Macedonians": 136,
        "Poles": 7,
        "Romanian": 1901330,
        "Romany": 63872,
        "Russians_Lippovans": 21,
        "Serbs": 1090,
        "Slovaks": 6,
        "Tatars": 0,
        "Turks": 143,
        "Ukrainians": 41
    },
    "Vest": {
        "Another": 2217,
        "Armenians": 32,
        "Bulgarians": 5006,
        "Chinese": 106,
        "Croats": 5312,
        "Csango": 172,
        "Czechs": 1841,
        "Germans": 15201,
        "Greeks": 119,
        "Hungarians": 90633,
        "Italians": 681,
        "Jews": 385,
        "Macedonians": 44,
        "Poles": 139,
        "Romanian": 1503512,
        "Romany": 45731,
        "Russians_Lippovans": 138,
        "Serbs": 15929,
        "Slovaks": 6062,
        "Tatars": 14,
        "Turks": 177,
        "Ukrainians": 9720
    }
}